# table	index	string	func_addr	cur_name	proposed_name	confidence
AI_Actions_API	0	Idle	0x8007F8A8	fn_8007F8A8	Action_Idle	HIGH
AI_Actions_API	1	SetState	0x80084C88	fn_80084C88	Action_SetState	HIGH
AI_Actions_API	2	ResetTimer	0x80084D24	fn_80084D24	Action_ResetTimer	HIGH
AI_Actions_API	3	RetreatFromNearestOpponent	0x800809AC	fn_800809AC	Action_RetreatFromNearestOpponent	HIGH
AI_Actions_API	4	RetreatFromOpponent	0x80080800	fn_80080800	Action_RetreatFromOpponent	HIGH
AI_Actions_API	5	MoveAwayFromPlayer	0x8008063C	fn_8008063C	Action_MoveAwayFromPlayer	HIGH
AI_Actions_API	6	CircleOpponent	0x800803CC	fn_800803CC	Action_CircleOpponent	HIGH
AI_Actions_API	7	CirclePlayer	0x8008014C	fn_8008014C	Action_CirclePlayer	HIGH
AI_Actions_API	8	FollowPlayer	0x8007FF9C	fn_8007FF9C	Action_FollowPlayer	HIGH
AI_Actions_API	9	MoveAwayFromOpponent	0x8007FDBC	fn_8007FDBC	Action_MoveAwayFromOpponent	HIGH
AI_Actions_API	10	FollowOpponent	0x8007FC1C	fn_8007FC1C	Action_FollowOpponent	HIGH
AI_Actions_API	11	FacePlayer	0x80084D40	fn_80084D40	Action_FacePlayer	HIGH
AI_Actions_API	12	FaceOpponent	0x80080B50	fn_80080B50	Action_FaceOpponent	HIGH
AI_Actions_API	13	IgnoreWallSplines	0x80084EA8	fn_80084EA8	Action_IgnoreWallSplines	HIGH
AI_Actions_API	14	CheckWallSplines	0x80084F2C	fn_80084F2C	Action_CheckWallSplines	HIGH
AI_Actions_API	15	NoTerrain	0x80084FB0	fn_80084FB0	Action_NoTerrain	HIGH
AI_Actions_API	16	FlatTerrain	0x800850D8	fn_800850D8	Action_FlatTerrain	HIGH
AI_Actions_API	17	ShadowTerrain	0x8008516C	fn_8008516C	Action_ShadowTerrain	HIGH
AI_Actions_API	18	DontUseShadowTerrain	0x80085200	fn_80085200	Action_DontUseShadowTerrain	HIGH
AI_Actions_API	19	DontPush	0x80085294	fn_80085294	Action_DontPush	HIGH
AI_Actions_API	20	CanSeeBehind	0x80085328	fn_80085328	Action_CanSeeBehind	HIGH
AI_Actions_API	21	RequiresLOS	0x800853BC	fn_800853BC	Action_RequiresLOS	HIGH
AI_Actions_API	22	SetFullPathSearch	0x80085440	fn_80085440	Action_SetFullPathSearch	HIGH
AI_Actions_API	23	SetViewDistance	0x80081068	fn_80081068	Action_SetViewDistance	HIGH
AI_Actions_API	24	SetMaxViewHeight	0x800813B0	fn_800813B0	Action_SetMaxViewHeight	HIGH
AI_Actions_API	25	SetMinViewHeight	0x8008120C	fn_8008120C	Action_SetMinViewHeight	HIGH
AI_Actions_API	26	SetHearDistance	0x80081554	fn_80081554	Action_SetHearDistance	HIGH
AI_Actions_API	27	SetMoveRadius	0x800854D4	fn_800854D4	Action_SetMoveRadius	HIGH
AI_Actions_API	28	GoToNode	0x800816F8	fn_800816F8	Action_GoToNode	HIGH
AI_Actions_API	29	GoToNodeRandom	0x800819A4	fn_800819A4	Action_GoToNodeRandom	HIGH
AI_Actions_API	30	GoToOrigin	0x80081B7C	fn_80081B7C	Action_GoToOrigin	HIGH
AI_Actions_API	31	GoToLocator	0x800820DC	fn_800820DC	Action_GoToLocator	HIGH
AI_Actions_API	32	SetLocator	0x80081E00	fn_80081E00	Action_SetLocator	HIGH
AI_Actions_API	33	FollowPath	0x80085628	fn_80085628	Action_FollowPath	HIGH
AI_Actions_API	34	MoveAwayFromNode	0x8008296C	fn_8008296C	Action_MoveAwayFromNode	HIGH
AI_Actions_API	35	OverrideAnimation	0x80082C18	fn_80082C18	Action_OverrideAnimation	HIGH
AI_Actions_API	36	BlockPath	0x80082E18	fn_80082E18	Action_BlockPath	HIGH
AI_Actions_API	37	PathConnectionObstacle	0x800856F8	fn_800856F8	Action_PathConnectionObstacle	HIGH
AI_Actions_API	38	PathConnectionMaxLength	0x80083190	fn_80083190	Action_PathConnectionMaxLength	HIGH
AI_Actions_API	39	NoLosCheck	0x80085044	fn_80085044	Action_NoLosCheck	HIGH
AI_Actions_API	40	ResetToOrigin	0x800857FC	fn_800857FC	Action_ResetToOrigin	HIGH
AI_Actions_API	41	SetInterrupt	0x800833DC	fn_800833DC	Action_SetInterrupt	HIGH
AI_Actions_API	42	ClearInterrupt	0x8008584C	fn_8008584C	Action_ClearInterrupt	HIGH
AI_Actions_API	43	SetIgnoreAntinodes	0x800858D8	fn_800858D8	Action_SetIgnoreAntinodes	HIGH
AI_Actions_API	44	NoShadows	0x800859BC	fn_800859BC	Action_NoShadows	HIGH
AI_Conditions_API	0	LocatorRange	0x80083AC8	fn_80083AC8	Condition_LocatorRange	HIGH
AI_Conditions_API	1	LocatorRangeXZ	0x80083B2C	fn_80083B2C	Condition_LocatorRangeXZ	HIGH
AI_Conditions_API	2	Timer	0x80083A6C	fn_80083A6C	Condition_Timer	HIGH
AI_Conditions_API	3	Random	0x80083A74	fn_80083A74	Condition_Random	HIGH
AI_Conditions_API	4	GotLocator	0x80083B90	fn_80083B90	Condition_GotLocator	HIGH
AI_Conditions_API	5	CurrentLocatorIs	0x80083C38	fn_80083C38	Condition_CurrentLocatorIs	HIGH
AI_Conditions_API	6	InTriggerArea	0x80083CA0	fn_80083CA0	Condition_InTriggerArea	HIGH
AI_Conditions_API	7	PlayerRange	0x80083D30	fn_80083D30	Condition_PlayerRange	HIGH
AI_Conditions_API	8	NearestPlayerRange	0x80083D90	fn_80083D90	Condition_NearestPlayerRange	HIGH
AI_Conditions_API	9	InLevelNode	0x80083EA0	fn_80083EA0	Condition_InLevelNode	HIGH
AI_Conditions_API	10	PlayerInLevelNode	0x80083F4C	fn_80083F4C	Condition_PlayerInLevelNode	HIGH
AI_Conditions_API	11	EitherPlayerInLevelNode	0x80083FB4	fn_80083FB4	Condition_EitherPlayerInLevelNode	HIGH
AI_Conditions_API	13	GotTriggerArea	0x800840FC	fn_800840FC	Condition_GotTriggerArea	HIGH
AI_Conditions_API	14	PlayerInTriggerArea	0x8008415C	fn_8008415C	Condition_PlayerInTriggerArea	HIGH
AI_Conditions_API	15	Player2InTriggerArea	0x80084200	fn_80084200	Condition_Player2InTriggerArea	HIGH
AI_Conditions_API	16	EitherPlayerInTriggerArea	0x800842A4	fn_800842A4	Condition_EitherPlayerInTriggerArea	HIGH
AI_Conditions_API	17	BaddyInTriggerArea	0x800843B0	fn_800843B0	Condition_BaddyInTriggerArea	HIGH
AI_Conditions_API	18	GoodyInTriggerArea	0x80084430	fn_80084430	Condition_GoodyInTriggerArea	HIGH
AI_Conditions_API	19	OpponentInTriggerArea	0x800844B0	fn_800844B0	Condition_OpponentInTriggerArea	HIGH
AI_Conditions_API	20	GotOpponent	0x8008454C	fn_8008454C	Condition_GotOpponent	HIGH
AI_Conditions_API	21	OpponentIsAThreat	0x80084578	fn_80084578	Condition_OpponentIsAThreat	HIGH
AI_Conditions_API	22	OpponentOnSamePath	0x800845B0	fn_800845B0	Condition_OpponentOnSamePath	HIGH
AI_Conditions_API	23	OpponentRange	0x80084600	fn_80084600	Condition_OpponentRange	HIGH
AI_Conditions_API	24	NearestOpponentRange	0x80084628	fn_80084628	Condition_NearestOpponentRange	HIGH
AI_Conditions_API	25	YawToOpponent	0x80084650	fn_80084650	Condition_YawToOpponent	HIGH
AI_Conditions_API	26	OpponentBelow	0x80084700	fn_80084700	Condition_OpponentBelow	HIGH
AI_Conditions_API	27	OriginRange	0x8008474C	fn_8008474C	Condition_OriginRange	HIGH
AI_Conditions_API	28	OpponentToOrigin	0x800847B8	fn_800847B8	Condition_OpponentToOrigin	HIGH
AI_Conditions_API	29	PlayerToOrigin	0x80084824	fn_80084824	Condition_PlayerToOrigin	HIGH
AI_Conditions_API	30	OpponentToLocator	0x800848C4	fn_800848C4	Condition_OpponentToLocator	HIGH
AI_Conditions_API	31	OpponentToLocatorXZ	0x80084928	fn_80084928	Condition_OpponentToLocatorXZ	HIGH
AI_Conditions_API	32	OpponentToLocatorY	0x8008498C	fn_8008498C	Condition_OpponentToLocatorY	HIGH
AI_Conditions_API	33	PlayerToLocator	0x80084A08	fn_80084A08	Condition_PlayerToLocator	HIGH
AI_Conditions_API	34	NearestPlayerToLocator	0x80084A74	fn_80084A74	Condition_NearestPlayerToLocator	HIGH
AI_Conditions_API	35	OnPath	0x80083BBC	fn_80083BBC	Condition_OnPath	HIGH
AI_Conditions_API	36	TimeOffPath	0x80083BE8	fn_80083BE8	Condition_TimeOffPath	HIGH
AI_Conditions_API	37	PathBlocked	0x80084B3C	fn_80084B3C	Condition_PathBlocked	HIGH
AI_Conditions_API	38	InterruptID	0x80084B68	fn_80084B68	Condition_InterruptID	HIGH
AI_Conditions_API	39	IAm	0x80084BEC	fn_80084BEC	Condition_IAm	HIGH
AI_Conditions_API	40	StuckTime	0x80084C60	fn_80084C60	Condition_StuckTime	HIGH
Level_Actions	0	Activate	0x80137EAC	fn_80137EAC	Action_Activate	HIGH
Level_Actions	1	DeActivate	0x80137F28	fn_80137F28	Action_DeActivate	HIGH
Level_Actions	2	GoToLevelPath	0x8013417C	fn_8013417C	Action_GoToLevelPath	HIGH
Level_Actions	3	SetPath	0x8013ABF0	fn_8013ABF0	Action_SetPath	HIGH
Level_Actions	4	GoToOriginalPath	0x801342CC	fn_801342CC	Action_GoToOriginalPath	HIGH
Level_Actions	5	GoToCollectable	0x80139154	fn_80139154	Action_GoToCollectable	HIGH
Level_Actions	6	DumpCollectables	0x8013923C	fn_8013923C	Action_DumpCollectables	HIGH
Level_Actions	7	SnapToLocator	0x8012E5DC	fn_8012E5DC	Action_SnapToLocator	HIGH
Level_Actions	8	SetLocator	0x8012E2F4	fn_8012E2F4	Action_SetLocator	HIGH
Level_Actions	9	SetCounterLocator	0x80139278	fn_80139278	Action_SetCounterLocator	HIGH
Level_Actions	10	SetTableLocator	0x80139324	fn_80139324	Action_SetTableLocator	HIGH
Level_Actions	11	CallDexter	0x80139388	fn_80139388	Action_CallDexter	HIGH
Level_Actions	12	SnapToOrigin	0x8012F3AC	fn_8012F3AC	Action_SnapToOrigin	HIGH
Level_Actions	13	BigJumpToLocator	0x8012E9AC	fn_8012E9AC	Action_BigJumpToLocator	HIGH
Level_Actions	14	BigJump	0x8012EC80	fn_8012EC80	Action_BigJump	HIGH
Level_Actions	15	SetDoomedEscapeLocator	0x8012EE28	fn_8012EE28	Action_SetDoomedEscapeLocator	HIGH
Level_Actions	16	SnapToPosition	0x8012F090	fn_8012F090	Action_SnapToPosition	HIGH
Level_Actions	17	SnapToSockPosition	0x8012F5B8	fn_8012F5B8	Action_SnapToSockPosition	HIGH
Level_Actions	18	SetAnimation	0x8013ACA4	fn_8013ACA4	Action_SetAnimation	HIGH
Level_Actions	19	AnimTimeRandom	0x8013AD20	fn_8013AD20	Action_AnimTimeRandom	HIGH
Level_Actions	20	LockDoor	0x8013AD6C	fn_8013AD6C	Action_LockDoor	HIGH
Level_Actions	21	UnLockDoor	0x8013ADA8	fn_8013ADA8	Action_UnLockDoor	HIGH
Level_Actions	22	CloseDoor	0x8013ADE4	fn_8013ADE4	Action_CloseDoor	HIGH
Level_Actions	23	OpenDoor	0x8013AE20	fn_8013AE20	Action_OpenDoor	HIGH
Level_Actions	24	DoorSetStayOpen	0x8013AEC8	fn_8013AEC8	Action_DoorSetStayOpen	HIGH
Level_Actions	25	SetDoorFinished	0x8013AF84	fn_8013AF84	Action_SetDoorFinished	HIGH
Level_Actions	26	ActivateGadget	0x8013B048	fn_8013B048	Action_ActivateGadget	HIGH
Level_Actions	27	SetObstacleChainPhase	0x8013B0BC	fn_8013B0BC	Action_SetObstacleChainPhase	HIGH
Level_Actions	28	EndLoopingAnimation	0x8013B18C	fn_8013B18C	Action_EndLoopingAnimation	HIGH
Level_Actions	29	CanOpenDoors	0x8013B1FC	fn_8013B1FC	Action_CanOpenDoors	HIGH
Level_Actions	30	CanShootOffScreen	0x8013B2C0	fn_8013B2C0	Action_CanShootOffScreen	HIGH
Level_Actions	31	CanCollectCoins	0x8013B384	fn_8013B384	Action_CanCollectCoins	HIGH
Level_Actions	32	KeepWeaponOut	0x8013B448	fn_8013B448	Action_KeepWeaponOut	HIGH
Level_Actions	33	SnapWeaponOut	0x8013B520	fn_8013B520	Action_SnapWeaponOut	HIGH
Level_Actions	34	ResetContext	0x8013B680	fn_8013B680	Action_ResetContext	HIGH
Level_Actions	35	PrefersPlayers	0x8013B734	fn_8013B734	Action_PrefersPlayers	HIGH
Level_Actions	36	SetBoltsDontGetDeflectedBack	0x8013B7CC	fn_8013B7CC	Action_SetBoltsDontGetDeflectedBack	HIGH
Level_Actions	37	AttackButtonMash	0x8013B864	fn_8013B864	Action_AttackButtonMash	HIGH
Level_Actions	38	CanShootObstructions	0x8013B8FC	fn_8013B8FC	Action_CanShootObstructions	HIGH
Level_Actions	39	SetTaggable	0x8013BA2C	fn_8013BA2C	Action_SetTaggable	HIGH
Level_Actions	40	CannotDropIn	0x8013BB74	fn_8013BB74	Action_CannotDropIn	HIGH
Level_Actions	41	CanAttack	0x8013BC84	fn_8013BC84	Action_CanAttack	HIGH
Level_Actions	42	TakeDamage	0x8013BD64	fn_8013BD64	Action_TakeDamage	HIGH
Level_Actions	43	TagCharacter	0x8013BE98	fn_8013BE98	Action_TagCharacter	HIGH
Level_Actions	44	CanHitForceObjects	0x8013B994	fn_8013B994	Action_CanHitForceObjects	HIGH
Level_Actions	45	SetSide	0x8012DC18	fn_8012DC18	Action_SetSide	HIGH
Level_Actions	46	AttackOpponent	0x8012FB7C	fn_8012FB7C	Action_AttackOpponent	HIGH
Level_Actions	47	SetDefensive	0x80137F84	fn_80137F84	Action_SetDefensive	HIGH
Level_Actions	48	SetShootOpponents	0x80138184	fn_80138184	Action_SetShootOpponents	HIGH
Level_Actions	49	SetBoss	0x80138220	fn_80138220	Action_SetBoss	HIGH
Level_Actions	50	SetJumping	0x801383C8	fn_801383C8	Action_SetJumping	HIGH
Level_Actions	51	UpdateSockPos	0x80138464	fn_80138464	Action_UpdateSockPos	HIGH
Level_Actions	52	UseForce	0x80134574	fn_80134574	Action_UseForce	HIGH
Level_Actions	53	DeflectPlayersPart	0x8013BF90	fn_8013BF90	Action_DeflectPlayersPart	HIGH
Level_Actions	54	Snipe	0x801347F4	fn_801347F4	Action_Snipe	HIGH
Level_Actions	55	EngageOpponent	0x8012FD28	fn_8012FD28	Action_EngageOpponent	HIGH
Level_Actions	56	EngageObject	0x801302FC	fn_801302FC	Action_EngageObject	HIGH
Level_Actions	57	Kill	0x80138500	fn_80138500	Action_Kill	HIGH
Level_Actions	58	SetScriptState	0x80138618	fn_80138618	Action_SetScriptState	HIGH
Level_Actions	59	SetAIOverrideControl	0x80138738	fn_80138738	Action_SetAIOverrideControl	HIGH
Level_Actions	60	SetLastSafePathPos	0x80138818	fn_80138818	Action_SetLastSafePathPos	HIGH
Level_Actions	61	SetIgnoreAntinodes	0x80138910	fn_80138910	Action_SetIgnoreAntinodes	HIGH
Level_Actions	62	SetDontMove	0x801389F0	fn_801389F0	Action_SetDontMove	HIGH
Level_Actions	63	CantDie	0x80138AD0	fn_80138AD0	Action_CantDie	HIGH
Level_Actions	64	DontSetStoppedFlag	0x80138BB0	fn_80138BB0	Action_DontSetStoppedFlag	HIGH
Level_Actions	65	ForceFreeze	0x80138C90	fn_80138C90	Action_ForceFreeze	HIGH
Level_Actions	66	SetRespawnLocator	0x801382BC	fn_801382BC	Action_SetRespawnLocator	HIGH
Level_Actions	67	SetFlag	0x80138DA8	fn_80138DA8	Action_SetFlag	HIGH
Level_Actions	68	SetLevelFlag	0x80138EAC	fn_80138EAC	Action_SetLevelFlag	HIGH
Level_Actions	69	SetAreaFlag	0x80138F84	fn_80138F84	Action_SetAreaFlag	HIGH
Level_Actions	70	SetPlayType	0x8013904C	fn_8013904C	Action_SetPlayType	HIGH
Level_Actions	71	PlaceAheadOfPlayer	0x8012DF14	fn_8012DF14	Action_PlaceAheadOfPlayer	HIGH
Level_Actions	72	PressSpecialButton	0x8013950C	fn_8013950C	Action_PressSpecialButton	HIGH
Level_Actions	73	PressTagButton	0x80139550	fn_80139550	Action_PressTagButton	HIGH
Level_Actions	74	PressActionButton	0x80139594	fn_80139594	Action_PressActionButton	HIGH
Level_Actions	75	UseWeapon	0x801395E4	fn_801395E4	Action_UseWeapon	HIGH
Level_Actions	76	SetInvulnerable	0x801305D0	fn_801305D0	Action_SetInvulnerable	HIGH
Level_Actions	77	DontPush	0x80130820	fn_80130820	Action_DontPush	HIGH
Level_Actions	78	PressJumpButton	0x80139620	fn_80139620	Action_PressJumpButton	HIGH
Level_Actions	79	AddToSet	0x80139664	fn_80139664	Action_AddToSet	HIGH
Level_Actions	80	GoToDoorTrigger	0x8012D8F8	fn_8012D8F8	Action_GoToDoorTrigger	HIGH
Level_Actions	81	ResetDoorTrigger	0x80137E10	fn_80137E10	Action_ResetDoorTrigger	HIGH
Level_Actions	82	SetNearestSpline	0x801397A4	fn_801397A4	Action_SetNearestSpline	HIGH
Level_Actions	83	SetRandomSpline	0x801398E0	fn_801398E0	Action_SetRandomSpline	HIGH
Level_Actions	84	FollowSpline	0x80130A0C	fn_80130A0C	Action_FollowSpline	HIGH
Level_Actions	85	SetControlSystem	0x80139710	fn_80139710	Action_SetControlSystem	HIGH
Level_Actions	86	PlaceOnSock	0x80130C60	fn_80130C60	Action_PlaceOnSock	HIGH
Level_Actions	87	FollowSock	0x80131078	fn_80131078	Action_FollowSock	HIGH
Level_Actions	88	SetZeroAcceleration	0x80139A44	fn_80139A44	Action_SetZeroAcceleration	HIGH
Level_Actions	89	BreakFormation	0x80139B48	fn_80139B48	Action_BreakFormation	HIGH
Level_Actions	90	FormationMove	0x80139B70	fn_80139B70	Action_FormationMove	HIGH
Level_Actions	91	CreateCreatures	0x801311F4	fn_801311F4	Action_CreateCreatures	HIGH
Level_Actions	92	CreateSockCreatures	0x801318D0	fn_801318D0	Action_CreateSockCreatures	HIGH
Level_Actions	93	CreateSplineCreatures	0x80132194	fn_80132194	Action_CreateSplineCreatures	HIGH
Level_Actions	94	SetSpeed	0x80139D0C	fn_80139D0C	Action_SetSpeed	HIGH
Level_Actions	95	SetRunSpeed	0x801326F0	fn_801326F0	Action_SetRunSpeed	HIGH
Level_Actions	96	SetWalkSpeed	0x80139D84	fn_80139D84	Action_SetWalkSpeed	HIGH
Level_Actions	97	SetHitPoints	0x80139E14	fn_80139E14	Action_SetHitPoints	HIGH
Level_Actions	98	SetMessage	0x8013287C	fn_8013287C	Action_SetMessage	HIGH
Level_Actions	99	AddPart	0x801329FC	fn_801329FC	Action_AddPart	HIGH
Level_Actions	100	AddPartDebris	0x80132C40	fn_80132C40	Action_AddPartDebris	HIGH
Level_Actions	101	ActivateTurret	0x80139F30	fn_80139F30	Action_ActivateTurret	HIGH
Level_Actions	102	SetHoverPhase	0x8013A014	fn_8013A014	Action_SetHoverPhase	HIGH
Level_Actions	103	UseCurrentSpeed	0x8013A0F8	fn_8013A0F8	Action_UseCurrentSpeed	HIGH
Level_Actions	104	SetMaxMovementRange	0x80132E78	fn_80132E78	Action_SetMaxMovementRange	HIGH
Level_Actions	105	SetDefaultMovementRange	0x8013A264	fn_8013A264	Action_SetDefaultMovementRange	HIGH
Level_Actions	106	SetGravityHeight	0x8013A2C4	fn_8013A2C4	Action_SetGravityHeight	HIGH
Level_Actions	107	ApplyGravity	0x8013A35C	fn_8013A35C	Action_ApplyGravity	HIGH
Level_Actions	108	IgnoreShoveSystem	0x8013A3F8	fn_8013A3F8	Action_IgnoreShoveSystem	HIGH
Level_Actions	109	CannotBeSeen	0x8013A494	fn_8013A494	Action_CannotBeSeen	HIGH
Level_Actions	111	RaceOpponent	0x8013301C	fn_8013301C	Action_RaceOpponent	HIGH
Level_Actions	112	ZamMovement	0x80133278	fn_80133278	Action_ZamMovement	HIGH
Level_Actions	113	SetVisibility	0x8013A530	fn_8013A530	Action_SetVisibility	HIGH
Level_Actions	114	EnableSock	0x8013A608	fn_8013A608	Action_EnableSock	HIGH
Level_Actions	115	MakeExplosion	0x801334CC	fn_801334CC	Action_MakeExplosion	HIGH
Level_Actions	116	JudderGameCamera	0x8013A6E0	fn_8013A6E0	Action_JudderGameCamera	HIGH
Level_Actions	117	CameraShake	0x8013A7E8	fn_8013A7E8	Action_CameraShake	HIGH
Level_Actions	118	ResetGameCamera	0x8013A900	fn_8013A900	Action_ResetGameCamera	HIGH
Level_Actions	119	PlayCutScene	0x8013A934	fn_8013A934	Action_PlayCutScene	HIGH
Level_Actions	120	SetLevelPath	0x8013A9BC	fn_8013A9BC	Action_SetLevelPath	HIGH
Level_Actions	121	ImmuneToKillTerrain	0x80138020	fn_80138020	Action_ImmuneToKillTerrain	HIGH
Level_Actions	122	Respawnable	0x801380BC	fn_801380BC	Action_Respawnable	HIGH
Level_Actions	123	SetPathCnxFlag	0x80134A14	fn_80134A14	Action_SetPathCnxFlag	HIGH
Level_Actions	124	SetHint	0x8013AAB0	fn_8013AAB0	Action_SetHint	HIGH
Level_Actions	125	SetHintComplete	0x8013AB40	fn_8013AB40	Action_SetHintComplete	HIGH
Level_Actions	126	CancelHint	0x8013ABCC	fn_8013ABCC	Action_CancelHint	HIGH
Level_Actions	127	CycleCharacter	0x801336A0	fn_801336A0	Action_CycleCharacter	HIGH
Level_Actions	128	CnxController	0x80133AD8	fn_80133AD8	Action_CnxController	HIGH
Level_Actions	129	ObjectController	0x80133EB0	fn_80133EB0	Action_ObjectController	HIGH
Level_Actions	130	PlaySfx	0x80134C48	fn_80134C48	Action_PlaySfx	HIGH
Level_Actions	131	CameraCut	0x80134EA8	fn_80134EA8	Action_CameraCut	HIGH
Level_Actions	132	SetCircleDirection	0x801393E0	fn_801393E0	Action_SetCircleDirection	HIGH
Level_Actions	133	DontRaycastLOS	0x8013C030	fn_8013C030	Action_DontRaycastLOS	HIGH
Level_Actions	134	SetForceBack	0x8013C0C4	fn_8013C0C4	Action_SetForceBack	HIGH
Level_Actions	135	SetForceLightningTarget	0x8013C1F4	fn_8013C1F4	Action_SetForceLightningTarget	HIGH
Level_Actions	136	FaceCamera	0x8013C2E8	fn_8013C2E8	Action_FaceCamera	HIGH
Level_Actions	137	FaceCharacter	0x8013C414	fn_8013C414	Action_FaceCharacter	HIGH
Level_Actions	138	FollowPlayer	0x8013C4F4	fn_8013C4F4	Action_FollowPlayer	HIGH
Level_Actions	139	SetFormationCommander	0x80139B98	fn_80139B98	Action_SetFormationCommander	HIGH
Level_Actions	140	RemoveThrownForceObjects	0x80139C90	fn_80139C90	Action_RemoveThrownForceObjects	HIGH
Level_Actions	144	BoulderSection	0x800C5D68	fn_800C5D68	Action_BoulderSection	HIGH
Level_Conditions	0	Active	0x80135728	fn_80135728	Condition_Active	HIGH
Level_Conditions	1	GotBlaster	0x80135754	fn_80135754	Condition_GotBlaster	HIGH
Level_Conditions	2	GlynTest	0x80135798	fn_80135798	Condition_GlynTest	HIGH
Level_Conditions	3	IsAlive	0x8013642C	fn_8013642C	Condition_IsAlive	HIGH
Level_Conditions	4	IsOnScreen	0x801365AC	fn_801365AC	Condition_IsOnScreen	HIGH
Level_Conditions	5	OnObject	0x801368F4	fn_801368F4	Condition_OnObject	HIGH
Level_Conditions	6	OnSameObjectAsPlayer	0x80136974	fn_80136974	Condition_OnSameObjectAsPlayer	HIGH
Level_Conditions	7	PlayerOnObject	0x80136710	fn_80136710	Condition_PlayerOnObject	HIGH
Level_Conditions	8	EitherPlayerOnObject	0x801367D8	fn_801367D8	Condition_EitherPlayerOnObject	HIGH
Level_Conditions	9	OnGround	0x80136634	fn_80136634	Condition_OnGround	HIGH
Level_Conditions	10	BeenAlerted	0x80136678	fn_80136678	Condition_BeenAlerted	HIGH
Level_Conditions	11	PlayerOnGround	0x80136604	fn_80136604	Condition_PlayerOnGround	HIGH
Level_Conditions	12	LocatedCollectable	0x8012D56C	fn_8012D56C	Condition_LocatedCollectable	HIGH
Level_Conditions	13	CollectedCount	0x801369E0	fn_801369E0	Condition_CollectedCount	HIGH
Level_Conditions	14	SpawnCount	0x80136A40	fn_80136A40	Condition_SpawnCount	HIGH
Level_Conditions	15	BehindCamera	0x80136A84	fn_80136A84	Condition_BehindCamera	HIGH
Level_Conditions	16	LocatorOnScreen	0x80136B4C	fn_80136B4C	Condition_LocatorOnScreen	HIGH
Level_Conditions	17	Blocking	0x80136BA8	fn_80136BA8	Condition_Blocking	HIGH
Level_Conditions	18	BeenHit	0x80136BFC	fn_80136BFC	Condition_BeenHit	HIGH
Level_Conditions	19	HoverPhase	0x80136C54	fn_80136C54	Condition_HoverPhase	HIGH
Level_Conditions	20	HitPoints	0x80136CEC	fn_80136CEC	Condition_HitPoints	HIGH
Level_Conditions	21	StuckTime	0x80136D58	fn_80136D58	Condition_StuckTime	HIGH
Level_Conditions	22	DoorLocked	0x801357CC	fn_801357CC	Condition_DoorLocked	HIGH
Level_Conditions	23	DoorOpened	0x8013581C	fn_8013581C	Condition_DoorOpened	HIGH
Level_Conditions	24	DoorOpenedByPlayer	0x80135848	fn_80135848	Condition_DoorOpenedByPlayer	HIGH
Level_Conditions	25	DoorOpen	0x801358A8	fn_801358A8	Condition_DoorOpen	HIGH
Level_Conditions	26	ObstacleFinished	0x801358F8	fn_801358F8	Condition_ObstacleFinished	HIGH
Level_Conditions	27	ObstacleChainPhase	0x8013596C	fn_8013596C	Condition_ObstacleChainPhase	HIGH
Level_Conditions	28	AnimationFinished	0x80137428	fn_80137428	Condition_AnimationFinished	HIGH
Level_Conditions	29	GadgetActive	0x80135A08	fn_80135A08	Condition_GadgetActive	HIGH
Level_Conditions	30	TubeActive	0x80135A64	fn_80135A64	Condition_TubeActive	HIGH
Level_Conditions	31	PlayerUsingForce	0x80136240	fn_80136240	Condition_PlayerUsingForce	HIGH
Level_Conditions	32	PlayerDeflectingPart	0x801362E8	fn_801362E8	Condition_PlayerDeflectingPart	HIGH
Level_Conditions	33	EitherPlayerUsingForce	0x8012D420	fn_8012D420	Condition_EitherPlayerUsingForce	HIGH
Level_Conditions	34	ForceBeingUsed	0x8013636C	fn_8013636C	Condition_ForceBeingUsed	HIGH
Level_Conditions	35	UsingForce	0x80135AB8	fn_80135AB8	Condition_UsingForce	HIGH
Level_Conditions	36	UsingForceLightning	0x80135B70	fn_80135B70	Condition_UsingForceLightning	HIGH
Level_Conditions	37	TurretAlive	0x80135BD8	fn_80135BD8	Condition_TurretAlive	HIGH
Level_Conditions	38	ForceComplete	0x801363C0	fn_801363C0	Condition_ForceComplete	HIGH
Level_Conditions	39	IAm	0x80135C44	fn_80135C44	Condition_IAm	HIGH
Level_Conditions	40	IAmA	0x80135E8C	fn_80135E8C	Condition_IAmA	HIGH
Level_Conditions	41	CanFightLikeAJedi	0x80135ED0	fn_80135ED0	Condition_CanFightLikeAJedi	HIGH
Level_Conditions	42	Side	0x80135FCC	fn_80135FCC	Condition_Side	HIGH
Level_Conditions	43	IAmAPartyCharacter	0x80135DDC	fn_80135DDC	Condition_IAmAPartyCharacter	HIGH
Level_Conditions	44	CategoryIs	0x80135D2C	fn_80135D2C	Condition_CategoryIs	HIGH
Level_Conditions	45	PlayerCategoryIs	0x80135D88	fn_80135D88	Condition_PlayerCategoryIs	HIGH
Level_Conditions	46	EitherPlayerIs	0x80136084	fn_80136084	Condition_EitherPlayerIs	HIGH
Level_Conditions	47	CheckFlag	0x801360F8	fn_801360F8	Condition_CheckFlag	HIGH
Level_Conditions	48	CheckLevelFlag	0x80136184	fn_80136184	Condition_CheckLevelFlag	HIGH
Level_Conditions	49	CheckAreaFlag	0x801361F4	fn_801361F4	Condition_CheckAreaFlag	HIGH
Level_Conditions	50	PlayerOnDoorTrigger	0x80136DA8	fn_80136DA8	Condition_PlayerOnDoorTrigger	HIGH
Level_Conditions	51	EitherPlayerOnDoorTrigger	0x80136E04	fn_80136E04	Condition_EitherPlayerOnDoorTrigger	HIGH
Level_Conditions	52	IsSetAlive	0x80136EB8	fn_80136EB8	Condition_IsSetAlive	HIGH
Level_Conditions	53	Context	0x80136EF0	fn_80136EF0	Condition_Context	HIGH
Level_Conditions	54	Player2Active	0x80136F58	fn_80136F58	Condition_Player2Active	HIGH
Level_Conditions	55	AngleFromPlayerToMe	0x80136F7C	fn_80136F7C	Condition_AngleFromPlayerToMe	HIGH
Level_Conditions	56	AngleFromPlayer2ToMe	0x80137010	fn_80137010	Condition_AngleFromPlayer2ToMe	HIGH
Level_Conditions	57	NumBaddies	0x801370AC	fn_801370AC	Condition_NumBaddies	HIGH
Level_Conditions	58	NumForceObjects	0x801371EC	fn_801371EC	Condition_NumForceObjects	HIGH
Level_Conditions	59	BeenToLevel	0x80137318	fn_80137318	Condition_BeenToLevel	HIGH
Level_Conditions	60	Message	0x801373BC	fn_801373BC	Condition_Message	HIGH
Level_Conditions	61	CutSceneStarted	0x80137518	fn_80137518	Condition_CutSceneStarted	HIGH
Level_Conditions	62	CutSceneFinished	0x80137580	fn_80137580	Condition_CutSceneFinished	HIGH
Level_Conditions	63	CutScenePlaying	0x801375D0	fn_801375D0	Condition_CutScenePlaying	HIGH
Level_Conditions	64	RigidAnimFrame	0x801374D8	fn_801374D8	Condition_RigidAnimFrame	HIGH
Level_Conditions	65	RaceLap	0x8013761C	fn_8013761C	Condition_RaceLap	HIGH
Level_Conditions	66	SockDistanceToPlayer	0x80137650	fn_80137650	Condition_SockDistanceToPlayer	HIGH
Level_Conditions	67	SockDistanceToOpponent	0x801376F4	fn_801376F4	Condition_SockDistanceToOpponent	HIGH
Level_Conditions	68	SockXDistanceToPlayer	0x8013779C	fn_8013779C	Condition_SockXDistanceToPlayer	HIGH
Level_Conditions	69	PlayerDistanceAlongSock	0x8013786C	fn_8013786C	Condition_PlayerDistanceAlongSock	HIGH
Level_Conditions	70	FurthestPlayerDistanceAlongSock	0x8013788C	fn_8013788C	Condition_FurthestPlayerDistanceAlongSock	HIGH
Level_Conditions	71	FinishedSpline	0x8013791C	fn_8013791C	Condition_FinishedSpline	HIGH
Level_Conditions	72	IsSplineSet	0x801378CC	fn_801378CC	Condition_IsSplineSet	HIGH
Level_Conditions	73	CurrentHintId	0x80137984	fn_80137984	Condition_CurrentHintId	HIGH
Level_Conditions	74	HintAvailable	0x801379F8	fn_801379F8	Condition_HintAvailable	HIGH
Level_Conditions	75	HintComplete	0x80137A3C	fn_80137A3C	Condition_HintComplete	HIGH
Level_Conditions	76	Freeplay	0x80137A80	fn_80137A80	Condition_Freeplay	HIGH
Level_Conditions	77	CameraYRot	0x80137AB4	fn_80137AB4	Condition_CameraYRot	HIGH
Level_Conditions	78	UsingForceFreeze	0x80137AF8	fn_80137AF8	Condition_UsingForceFreeze	HIGH
Level_Conditions	79	FromNode	0x80137BB8	fn_80137BB8	Condition_FromNode	HIGH
Level_Conditions	80	ToNode	0x80137C5C	fn_80137C5C	Condition_ToNode	HIGH
Level_Conditions	81	AIOverrideControl	0x80136514	fn_80136514	Condition_AIOverrideControl	HIGH
Level_Conditions	82	StuckDontJumpNow	0x80137CB8	fn_80137CB8	Condition_StuckDontJumpNow	HIGH
Level_Conditions	83	BoltsDontGetDeflectedBack	0x80137CE4	fn_80137CE4	Condition_BoltsDontGetDeflectedBack	HIGH
Level_Conditions	84	CheatProgress	0x80137D20	fn_80137D20	Condition_CheatProgress	HIGH
Level_Conditions	85	BigJumpComplete	0x80137D2C	fn_80137D2C	Condition_BigJumpComplete	HIGH
Level_Conditions	86	RespawnLocatorIs	0x80137DA0	fn_80137DA0	Condition_RespawnLocatorIs	HIGH
Level_Conditions	87	InMiniCut	0x80137DD4	fn_80137DD4	Condition_InMiniCut	HIGH
Level_Conditions	88	MaulShouldRunAway	0x8012D7E0	fn_8012D7E0	Condition_MaulShouldRunAway	HIGH
Level_Conditions	89	DropBackInTimer	0x80137E08	fn_80137E08	Condition_DropBackInTimer	HIGH
AI_Conditions_API	12	NodeRange	0x800840A8	fn_800840A8	Condition_LevelNodeRange (substr)	MEDIUM
Script_Keyword_Parser2	0	STATE	0x8007C8A4	fn_8007C8A4	Action_SetState (substr)	MEDIUM
Script_Keyword_Parser2	1	PARAM	0x8007CAFC	fn_8007CAFC	Action_SetParam (substr)	MEDIUM
